frame,team,largura,profundidade,pressao,largura_linha_1,largura_linha_2,largura_linha_3,profundidade_1_2,profundidade_2_3
0,0,1026,371,0.0,12.5,77.1875,45.15625,212.78571428571428,113.46428571428572
0,1,1027,314,0.0,36.5625,64.140625,15.78125,146.73333333333332,65.66666666666669
1,0,1088,372,0.42370521275688433,6.953125,77.34375,85.0,202.25,104.75
1,1,1025,314,0.6283306033818875,18.828125,36.09375,67.65625,94.33333333333334,132.8
2,0,1087,373,0.0,7.109375,77.265625,84.921875,225.27777777777777,106.42222222222222
2,1,1024,314,0.0,18.828125,36.09375,67.578125,94.00000000000001,133.46666666666667
3,0,1087,372,0.0,7.187499999999999,77.34375,84.921875,226.5,104.89999999999998
3,1,1024,314,0.0,18.828125,36.09375,67.578125,94.33333333333334,133.46666666666667
4,0,1086,374,0.0,7.34375,43.90625,84.84375,238.66666666666669,93.63333333333333
4,1,1021,317,0.0,36.484375,63.828125,15.546874999999998,148.4666666666667,65.66666666666663
5,0,1083,375,0.0,8.828125,38.359375,84.609375,161.5,131.2
5,1,1019,363,0.0,23.28125,36.09375,67.265625,121.66666666666666,135.13333333333335
6,0,1082,312,0.0,0.0,64.140625,84.53125,130.5,131.89999999999998
6,1,1017,324,0.0,18.671875,36.09375,66.953125,97.66666666666667,135.86666666666665
7,0,1079,183,0.5155259877078238,25.859375,43.359375,84.296875,90.60000000000002,80.79999999999995
7,1,1016,326,0.6430138824273994,36.640625,63.35937499999999,15.156249999999998,151.0,68.33333333333331
8,0,1080,184,0.4097553785548231,25.937500000000004,76.953125,84.375,76.5,96.89999999999998
8,1,1015,329,0.6392417062370536,18.59375,36.328125,66.40625,99.00000000000001,137.46666666666667
9,0,1080,184,0.4097590382315181,25.937500000000004,76.953125,84.375,76.66666666666669,96.73333333333329
9,1,1015,329,0.6392417062370536,18.59375,36.328125,66.40625,99.00000000000001,137.46666666666667
10,0,1005,186,0.45849049536279585,63.828125,43.046875,41.484375,78.75,82.5
10,1,1015,371,0.605073234618498,18.671875,16.015625,66.328125,128.25,133.89999999999998
11,0,1004,319,0.0,59.06249999999999,76.953125,41.328125,130.0,93.5
11,1,1013,330,0.0,36.5625,0.0,66.09375,113.5,106.19999999999999
12,0,1003,322,0.2636647671124114,58.90625000000001,76.953125,41.015625,141.0,93.94999999999999
12,1,1012,331,0.2644665047580408,36.5625,0.0,66.015625,113.25,107.19999999999999
13,0,1000,322,0.26540514748549654,58.90625000000001,76.953125,40.625,142.40000000000003,94.14999999999998
13,1,1010,335,0.26608808105674187,36.484375,62.890625,14.765624999999998,155.26666666666668,69.66666666666663
14,0,1071,286,0.25682462467532086,58.75,76.71875,83.671875,123.64999999999998,89.10000000000002
14,1,1008,338,0.26745638539959016,18.4375,36.171875,65.703125,99.00000000000001,143.06666666666663
15,0,1070,286,0.2661756038976319,58.75,76.796875,83.59375,123.64999999999998,91.40000000000003
15,1,1008,338,0.26745638539959016,18.4375,36.171875,65.703125,99.00000000000001,143.06666666666663
16,0,992,288,0.0,58.75,76.71875,39.765625,124.44999999999999,96.05000000000001
16,1,1006,341,0.0,18.359375,36.25,65.625,99.99999999999999,144.33333333333334
17,0,990,242,0.0,63.59375000000001,42.5,39.453125,102.25,85.25
17,1,1002,341,0.0,18.359375,36.171875,65.546875,100.0,145.2
18,0,988,243,0.2929721340640206,63.59375000000001,42.34375,39.140625,102.75,85.75
18,1,1001,342,0.27022828952041283,18.203125,36.328125,65.46875,101.33333333333334,144.86666666666665
19,0,985,327,0.42841897081952957,5.390625,76.640625,42.65625,135.1,121.4
19,1,998,345,0.7022778136006582,18.28125,36.25,65.3125,102.0,145.39999999999998
20,0,982,328,0.0,0.0,63.4375,42.421875,132.0,145.625
20,1,997,348,0.0,18.28125,36.328125,65.0,101.0,148.0
21,0,982,327,0.0,0.0,63.4375,42.421875,131.0,145.75
21,1,997,348,0.0,18.28125,36.328125,65.0,101.0,148.0
22,0,981,331,0.0,7.03125,76.640625,42.109375,148.33333333333331,124.53333333333333
22,1,995,351,0.0,18.203125,36.25,64.765625,101.00000000000001,149.66666666666666
23,0,979,334,0.0,7.03125,76.484375,38.046875,159.52380952380952,129.39285714285717
23,1,993,353,0.0,18.125,36.25,64.453125,101.66666666666667,150.8
24,0,979,338,0.0,7.109375,76.484375,37.8125,177.625,123.125
24,1,991,355,0.0,18.125,36.25,64.296875,101.99999999999999,152.33333333333334
25,0,978,342,0.0,7.265625000000001,76.40625,37.578125,185.175,123.875
25,1,991,356,0.0,18.125,36.25,64.296875,102.66666666666666,152.73333333333332
26,0,977,343,0.0,7.265625000000001,63.20312500000001,41.796875,126.8,134.1111111111111
26,1,988,358,0.0,0.0,36.328125,64.140625,136.8,182.0
27,0,977,343,0.0,7.265625000000001,63.20312500000001,41.796875,126.8,134.22222222222223
27,1,988,358,0.0,0.0,36.328125,64.140625,136.8,182.0
28,0,977,343,0.0,32.8125,76.328125,37.265625,158.57142857142856,114.42857142857144
28,1,986,362,0.0,17.96875,36.171875,64.0625,103.99999999999999,154.73333333333332
29,0,977,347,0.0,7.265625000000001,76.328125,36.953125,171.79166666666669,127.875
29,1,983,365,0.0,17.8125,36.171875,64.6875,105.33333333333333,166.9047619047619
30,0,976,312,0.5263126352234535,58.359375,76.25,36.71875,136.0,106.0
30,1,981,367,0.6248721578655103,17.96875,36.09375,63.828125,104.99999999999999,156.93333333333337
31,0,975,311,0.5538438418853445,58.28124999999999,76.171875,25.703125,137.66666666666669,103.83333333333331
31,1,979,368,0.5187429964336256,17.890625,36.25,64.84375,105.66666666666666,168.9047619047619
32,0,974,313,0.0,62.890625,41.484375,25.390625,137.2,90.13333333333333
32,1,976,369,0.0,17.8125,36.171875,64.53125,105.00000000000001,170.38095238095238
33,0,974,313,0.0,62.890625,41.484375,25.390625,137.2,90.13333333333333
33,1,976,369,0.0,17.8125,36.171875,64.53125,105.00000000000001,170.38095238095238
34,0,974,346,0.0,58.203125,76.09375,25.078125,159.6,102.33333333333331
34,1,974,371,0.0,17.8125,36.171875,64.140625,104.33333333333334,167.49999999999997
35,0,973,346,0.5828163641342076,58.203125,76.015625,25.0,160.5666666666667,102.83333333333331
35,1,972,373,0.498658337345537,17.734375,36.171875,63.59375000000001,104.66666666666667,161.26666666666668
36,0,971,348,0.6310266760821253,58.12500000000001,75.859375,25.078125,161.63333333333333,103.83333333333337
36,1,969,377,0.48999757192866655,17.734375,36.171875,63.35937499999999,105.33333333333334,162.46666666666667
37,0,972,324,0.0,62.734375,41.25,24.921875,143.4,91.19999999999999
37,1,966,378,0.0,17.65625,36.09375,63.125,105.33333333333333,163.60000000000002
38,0,971,327,0.0,58.046875,75.859375,24.609375,139.45,112.13333333333333
38,1,963,379,0.0,17.578125,36.09375,62.890625,107.0,163.39999999999998
39,0,970,327,0.0,58.046875,75.78125,24.609375,139.0,112.33333333333331
39,1,963,379,0.0,36.171875,59.45312499999999,0.0,201.0,77.80000000000001
40,0,970,330,0.0,62.57812499999999,41.09375,24.21875,144.79999999999998,94.4666666666667
40,1,960,380,0.0,17.578125,36.09375,62.65625,108.33333333333334,163.66666666666666
41,0,969,331,0.0,62.5,40.9375,23.90625,145.59999999999997,94.60000000000002
41,1,957,384,0.0,17.421875,36.09375,62.5,107.99999999999999,164.93333333333337
42,0,969,358,0.0,32.1875,75.703125,23.75,168.71428571428572,121.28571428571428
42,1,956,388,0.0,17.421875,36.171875,62.265625,108.66666666666667,166.06666666666663
43,0,968,333,0.0,62.42187500000001,40.859375,23.59375,150.2,91.0
43,1,954,390,0.0,36.171875,58.67187499999999,0.0,209.83333333333334,60.0
44,0,970,359,0.0,32.03125,75.78125,23.203125,171.46428571428572,120.95238095238096
44,1,952,396,0.0,36.09375,58.51562500000001,0.0,210.66666666666666,65.0
45,0,970,359,0.0,57.89062499999999,75.78125,23.203125,168.6,106.66666666666669
45,1,953,395,0.0,36.171875,58.51562500000001,0.0,210.41666666666666,64.25
46,0,968,361,0.0,62.5,40.78125,22.890625,170.0,92.66666666666669
46,1,949,399,0.0,17.34375,36.09375,61.71875,108.33333333333334,178.16666666666666
47,0,968,362,0.0,57.89062499999999,75.625,22.65625,152.05,115.19999999999999
47,1,946,396,0.0,36.171875,58.28124999999999,0.0,211.75,63.25
48,0,968,364,0.0,62.34375,40.703125,22.34375,151.35000000000002,95.73333333333329
48,1,943,402,0.0,17.1875,36.015625,61.5625,109.66666666666667,179.83333333333331
49,0,966,366,0.0,62.109375,40.703125,22.109375,152.14999999999998,97.60000000000002
49,1,940,405,0.0,17.1875,36.09375,61.25000000000001,110.0,187.0
50,0,965,367,0.0,62.109375,40.546875,21.640625,154.14999999999998,97.10000000000002
50,1,937,316,0.0,36.09375,57.65625,1.015625,190.8,63.0
51,0,965,367,0.0,62.109375,40.546875,21.5625,153.95,97.30000000000001
51,1,937,316,0.0,36.09375,0.0,61.01562499999999,162.8,59.80000000000001
52,0,967,370,0.0,0.0,62.265625,40.546875,139.33333333333334,148.0952380952381
52,1,934,412,0.0,0.0,36.171875,60.78125,147.8,219.05714285714282
53,0,968,378,0.0,62.265625,40.546875,31.874999999999996,156.45,102.80000000000001
53,1,930,416,0.0,0.0,36.09375,60.62499999999999,147.2,206.8
54,0,872,381,0.0,54.921875,40.46875,31.71875,177.26666666666668,101.64999999999998
54,1,927,420,0.0,17.03125,35.9375,60.46875000000001,112.33333333333333,177.2
55,0,967,260,0.39390773292379555,62.265625,40.390625,31.71875,124.19999999999999,102.30000000000001
55,1,924,421,0.3095311873628791,17.109375,36.015625,60.23437499999999,111.66666666666667,178.66666666666666
56,0,966,264,0.3961753439653712,62.18749999999999,40.390625,31.484374999999996,124.66666666666666,103.5
56,1,921,422,0.3105129776673161,17.03125,35.9375,60.0,111.33333333333334,180.06666666666663
57,0,967,264,0.3960095975672745,62.265625,40.390625,31.484374999999996,124.46666666666667,103.69999999999999
57,1,921,422,0.3105928104656547,17.03125,35.9375,60.0,111.33333333333334,180.06666666666663
58,0,966,265,0.3979619027191432,62.109375,40.390625,31.171875,121.91666666666666,107.25
58,1,917,423,0.31228557152203346,17.03125,35.859375,59.68750000000001,112.33333333333334,180.66666666666666
59,0,964,267,0.39930561257132113,62.03125000000001,40.234375,30.9375,127.06666666666663,103.10000000000002
59,1,913,427,0.3124763803017919,16.953125,35.9375,59.45312499999999,112.66666666666667,181.39999999999998
60,0,964,266,0.5605833186707287,62.109375,40.15625,30.859375,129.26666666666668,106.06666666666666
60,1,911,428,0.5751932852041752,16.796875,35.859375,59.375,113.66666666666667,180.66666666666666
61,0,965,269,0.5853881370258776,62.109375,40.078125,30.703124999999996,125.83333333333334,111.16666666666669
61,1,908,431,0.5708770770045509,16.71875,35.859375,59.29687500000001,114.0,181.60000000000002
62,0,966,392,0.0,62.18749999999999,39.765625,30.546875,162.0,111.91666666666669
62,1,906,465,0.0,23.046875,36.015625,59.140625,167.2,214.60000000000002
63,0,966,392,0.0,62.18749999999999,39.765625,30.546875,161.75,111.91666666666669
63,1,906,465,0.0,22.96875,36.015625,59.140625,167.2,214.60000000000002
64,0,885,392,0.0,0.0,39.453125,35.3125,214.83333333333331,143.16666666666669
64,1,905,466,0.0,30.859375,35.859375,58.984375,139.66666666666666,183.33333333333334
65,0,885,395,0.0,55.78125000000001,39.296875,30.15625,180.75,113.25
65,1,901,470,0.0,30.703124999999996,35.78125,58.828125,140.83333333333334,184.26666666666668
66,0,965,399,0.0,0.0,75.390625,34.609375,180.8,154.7
66,1,897,442,0.0,16.71875,35.703125,58.67187499999999,115.33333333333334,184.33333333333334
67,0,966,423,0.0,3.75,75.46875,34.21875,209.0,166.08333333333331
67,1,893,444,0.0,16.640625,35.625,58.59375,115.33333333333333,187.00000000000003
68,0,963,395,0.36771838998710504,61.875,38.828125,29.375,169.14999999999998,109.26666666666671
68,1,889,446,0.3232126947331228,16.484375,35.703125,58.359375,115.0,188.39999999999998
69,0,963,395,0.36771838998710504,61.875,38.828125,29.375,169.14999999999998,109.26666666666671
69,1,889,446,0.3232126947331228,16.484375,35.703125,58.359375,115.0,188.39999999999998
70,0,506,279,0.0,26.171875,38.75,29.140624999999996,145.5,98.75
70,1,886,447,0.0,16.484375,35.703125,58.28124999999999,115.33333333333331,189.58333333333334
71,0,965,282,0.0,62.03125000000001,38.75,29.062500000000004,133.83333333333334,114.5
71,1,883,448,0.0,16.484375,35.78125,58.203125,115.66666666666669,187.83333333333334
72,0,963,404,0.0,61.875,38.671875,28.828125,167.75,116.91666666666669
72,1,881,478,0.0,22.8125,35.9375,58.203125,172.4,218.1
73,0,892,410,0.0,0.0,39.84375,33.125,189.75,154.25
73,1,878,450,0.0,35.859375,24.453125,58.12500000000001,165.2,113.5
74,0,893,409,0.6859482864460786,56.40625,38.671875,28.749999999999996,185.33333333333334,106.5
74,1,875,450,0.423164977715315,16.40625,35.546875,58.046875,117.66666666666666,187.60000000000002
75,0,893,409,0.6878186778806825,56.40625,38.671875,28.749999999999996,185.33333333333334,106.25
75,1,875,451,0.4246344465230976,16.40625,35.546875,58.046875,118.0,187.39999999999998
76,0,896,409,0.0,56.56250000000001,38.671875,28.59375,190.26666666666668,99.19999999999999
76,1,874,453,0.0,16.5625,35.703125,57.96875,118.0,187.16666666666666
77,0,963,411,0.7056530411667432,61.79687499999999,38.75,28.515625,174.14999999999998,106.10000000000002
77,1,871,456,0.4121011434766477,16.484375,35.625,57.96875,117.66666666666669,188.16666666666666
78,0,898,411,0.4575097465981934,56.56250000000001,38.984375,28.4375,190.8,98.0
78,1,869,456,0.32388582699007384,36.015625,53.125,0.0,229.08333333333334,93.75
79,0,965,411,0.0,61.79687499999999,38.984375,28.515625,174.7,115.13333333333333
79,1,867,486,0.0,22.8125,36.015625,57.89062499999999,174.5,221.39999999999998
80,0,901,443,0.0,56.796875,38.984375,28.4375,220.45,114.80000000000001
80,1,865,488,0.0,29.453125000000004,35.546875,57.89062499999999,144.41666666666666,188.93333333333337
81,0,900,443,0.0,56.71874999999999,38.90625,28.4375,220.5,115.0
81,1,865,488,0.0,29.375,35.546875,57.89062499999999,144.75,188.60000000000002
82,0,901,413,0.0,56.71874999999999,38.90625,28.281250000000004,191.60000000000002,114.73333333333329
82,1,863,459,0.0,16.328125,35.46875,57.89062499999999,118.66666666666669,188.86666666666665
83,0,900,413,0.0,56.71874999999999,38.75,28.125,192.26666666666668,114.39999999999998
83,1,862,459,0.0,36.171875,28.515625,57.89062499999999,212.5,95.5
84,0,898,412,0.0,0.0,27.03125,38.59375,125.5,192.375
84,1,860,459,0.0,36.328125,52.65625000000001,0.0,228.58333333333334,94.25
85,0,896,411,0.0,56.796875,38.515625,28.125,184.41666666666666,121.91666666666669
85,1,858,458,0.0,36.328125,27.34375,57.8125,164.6,117.0
86,0,895,411,0.0,56.71874999999999,38.515625,28.125,190.0,116.66666666666669
86,1,857,458,0.0,16.40625,35.46875,57.89062499999999,120.0,186.33333333333334
87,0,895,411,0.0,56.71874999999999,38.515625,28.125,190.0,116.66666666666669
87,1,857,458,0.0,36.25,27.65625,57.89062499999999,162.7,118.5
88,0,896,389,0.0,0.0,40.3125,18.984375,219.0,160.5
88,1,854,456,0.0,16.40625,35.390625,57.89062499999999,119.33333333333331,189.33333333333334
89,0,897,411,0.0,56.796875,38.4375,28.203125,183.16666666666666,124.83333333333331
89,1,852,456,0.0,16.328125,35.390625,58.12500000000001,119.33333333333331,177.66666666666666
90,0,897,409,0.0,56.71874999999999,38.515625,28.359374999999996,189.75,125.0
90,1,849,457,0.0,16.328125,35.3125,58.28124999999999,119.33333333333334,178.5
91,0,897,408,0.0,0.0,40.78125,28.281250000000004,229.14285714285717,159.85714285714283
91,1,846,482,0.0,28.125,35.15625,58.359375,145.16666666666666,184.93333333333337
92,0,524,287,0.0,27.500000000000004,39.0625,28.281250000000004,147.3,117.5333333333333
92,1,844,457,0.0,36.09375,28.749999999999996,58.359375,151.91666666666669,146.83333333333331
93,0,524,287,0.0,27.500000000000004,39.0625,28.281250000000004,147.3,117.5333333333333
93,1,844,457,0.0,36.09375,28.749999999999996,58.359375,151.91666666666669,146.83333333333331
94,0,896,406,0.0,56.640625,39.296875,28.203125,188.53333333333333,117.13333333333333
94,1,842,457,0.0,16.40625,35.078125,58.359375,120.0,183.86666666666665
95,0,947,404,0.0,60.390625,39.375,28.281250000000004,171.05,116.19999999999999
95,1,839,455,0.0,36.09375,29.062500000000004,58.359375,160.6,118.0
96,0,896,405,0.0,56.484375,39.296875,27.968749999999996,188.0,116.66666666666669
96,1,837,455,0.0,16.71875,35.0,58.59375,121.0,181.73333333333332
97,0,532,283,0.0,28.125,39.53125,27.890625000000004,146.2,116.4666666666667
97,1,835,590,0.0,36.171875,51.796875,23.046875,224.08333333333334,158.25
98,0,894,402,0.0,0.0,28.203125,39.6875,123.0,189.375
98,1,832,589,0.0,0.0,36.171875,58.67187499999999,168.4,248.4333333333333
99,0,894,402,0.0,56.40625,39.6875,28.4375,187.13333333333335,115.86666666666667
99,1,831,590,0.0,0.0,36.09375,58.51562500000001,168.4,248.26666666666668
100,0,893,401,0.42618096317672505,56.40625,40.234375,28.59375,186.26666666666668,116.39999999999998
100,1,830,614,0.37698256875021263,22.1875,36.171875,58.67187499999999,181.8,247.2
101,0,534,283,0.4818777511901855,28.4375,40.46875,28.749999999999996,155.33333333333331,107.0
101,1,827,453,0.2863434225765274,16.71875,34.84375,58.67187499999999,120.66666666666666,182.75
102,0,538,282,0.5007292527637527,28.671875000000004,27.65625,28.749999999999996,142.25,104.5
102,1,823,452,0.2858352668449048,16.71875,34.6875,58.59375,120.33333333333331,182.83333333333334
103,0,540,282,0.0,28.828125,40.703125,28.59375,144.3,116.86666666666667
103,1,822,450,0.0,16.640625,34.765625,58.59375,119.33333333333334,170.49999999999997
104,0,540,280,0.6180811036021994,28.828125,40.78125,28.281250000000004,153.66666666666669,106.5
104,1,819,450,0.48773163622322785,16.640625,34.6875,58.59375,119.66666666666666,181.83333333333334
105,0,540,280,0.6287090399511017,28.828125,40.78125,28.281250000000004,154.0,106.66666666666669
105,1,819,450,0.6975827617157073,16.5625,34.6875,58.59375,119.66666666666666,169.73333333333332
106,0,540,279,0.0,28.828125,28.046875,28.359374999999996,152.8,106.5333333333333
106,1,817,450,0.0,16.796875,34.6875,58.51562500000001,120.0,181.0
107,0,539,278,0.0,28.749999999999996,28.125,28.359374999999996,152.7,107.13333333333333
107,1,814,448,0.0,16.875,34.609375,58.4375,119.66666666666666,180.5
108,0,540,278,0.3458808167094287,28.828125,28.203125,28.515625,152.89999999999998,106.60000000000002
108,1,811,329,0.5715747059607448,36.171875,18.90625,58.4375,85.0,161.0
109,0,541,274,0.0,28.828125,28.4375,28.671875000000004,152.60000000000002,105.06666666666666
109,1,809,448,0.0,36.171875,33.359375,58.4375,151.16666666666669,148.33333333333331
110,0,545,271,0.0,29.140624999999996,28.515625,28.359374999999996,140.5,102.25
110,1,808,447,0.0,16.875,34.84375,58.4375,120.0,178.91666666666666
111,0,545,271,0.0,29.140624999999996,28.515625,28.359374999999996,152.60000000000002,104.06666666666666
111,1,808,446,0.0,16.875,34.84375,58.4375,119.66666666666669,178.91666666666666
112,0,546,271,0.6986936372614297,29.140624999999996,42.5,28.281250000000004,141.60000000000002,100.14999999999998
112,1,806,446,0.28124341253620466,16.875,34.84375,58.4375,119.33333333333331,199.00000000000003
113,0,550,269,0.0,29.531249999999996,42.734375,28.984375,140.89999999999998,105.60000000000002
113,1,803,447,0.0,16.796875,34.765625,58.4375,119.66666666666666,198.33333333333331
114,0,551,270,0.0,29.609375,43.046875,28.984375,141.39999999999998,105.20000000000005
114,1,799,445,0.0,16.71875,34.6875,58.28124999999999,119.0,197.33333333333334
115,0,556,269,0.0,29.609375,43.4375,29.609375,142.10000000000002,104.39999999999998
115,1,796,446,0.0,36.09375,49.765625,0.0,234.66666666666666,66.5
116,0,552,269,0.0,29.765625,29.375,29.453125000000004,152.10000000000002,105.89999999999998
116,1,794,444,0.0,36.171875,49.609375,0.0,214.83333333333334,85.33333333333331
117,0,552,270,0.0,29.765625,29.375,29.765625,152.60000000000002,107.79999999999995
117,1,794,444,0.0,36.171875,49.609375,0.0,214.83333333333334,85.33333333333331
118,0,560,269,0.0,29.843750000000004,43.75,29.843750000000004,151.33333333333331,106.66666666666669
118,1,791,443,0.0,36.25,49.375,0.0,234.33333333333334,64.5
119,0,558,268,0.0,29.921874999999996,43.59375,29.296875,140.10000000000002,100.14999999999998
119,1,789,442,0.0,36.171875,19.21875,58.046875,119.0,175.66666666666669
120,0,560,267,0.0,30.0,43.75,29.531249999999996,139.39999999999998,100.10000000000002
120,1,788,441,0.0,36.171875,19.375,58.046875,118.75,175.33333333333331
121,0,563,266,0.0,30.15625,43.984375,29.921874999999996,148.0,107.5
121,1,787,441,0.0,36.171875,49.375,0.0,233.33333333333334,62.0
122,0,561,266,0.30494629448522687,30.390625,30.234375000000004,29.843750000000004,136.25,105.25
122,1,786,441,0.4779779888888413,36.171875,19.21875,57.96875,118.75,153.5
123,0,561,266,0.30503710366467035,30.390625,30.234375000000004,29.921874999999996,136.25,105.0
123,1,786,441,0.47800098260286805,36.171875,19.140625,58.046875,119.25,153.0
124,0,564,264,0.0,30.546875,30.46875,30.078125,135.75,117.75
124,1,784,440,0.0,17.1875,34.453125,57.96875,118.33333333333334,172.26666666666668
125,0,565,264,0.2905618820364883,30.703124999999996,30.46875,30.0,136.5,104.89999999999998
125,1,782,440,0.4612976301634082,36.09375,19.296875,57.96875,119.25,151.75
126,0,567,262,0.0,30.78125,30.625000000000004,29.765625,136.25,104.35000000000002
126,1,781,439,0.0,36.015625,19.375,58.046875,118.75,151.75
127,0,568,260,0.294095280999195,30.859375,30.78125,29.296875,136.5,99.25
127,1,780,438,0.48698179586943524,14.609375,34.296875,58.12500000000001,141.16666666666666,171.83333333333334
128,0,570,259,0.0,31.015625000000004,44.375,29.531249999999996,136.10000000000002,98.64999999999998
128,1,780,437,0.0,36.25,37.03125,58.046875,147.91666666666669,143.0
129,0,569,258,0.0,30.9375,44.375,29.531249999999996,135.60000000000002,98.39999999999998
129,1,780,437,0.0,36.25,37.03125,58.046875,147.91666666666669,143.0
130,0,570,258,0.0,31.015625000000004,44.453125,29.609375,135.60000000000002,91.19999999999999
130,1,778,578,0.0,0.0,36.09375,58.12500000000001,175.6,240.79999999999998
131,0,571,256,0.0,31.093749999999996,44.453125,29.6875,134.8,108.5333333333333
131,1,779,436,0.0,0.0,36.09375,58.28124999999999,174.8,197.7
132,0,575,255,0.0,31.328125,44.53125,29.6875,127.25,104.25
132,1,778,436,0.0,36.09375,19.609375,58.4375,118.5,150.25
133,0,576,255,0.0,31.484374999999996,44.53125,29.765625,133.3,97.94999999999999
133,1,778,434,0.0,36.171875,37.734375,58.4375,147.41666666666669,141.0
134,0,576,255,0.0,31.484374999999996,44.453125,29.921874999999996,132.8,108.19999999999999
134,1,777,576,0.0,36.09375,37.8125,58.4375,146.83333333333331,164.0
135,0,576,255,0.0,31.484374999999996,44.453125,29.921874999999996,132.8,108.19999999999999
135,1,777,576,0.0,36.09375,37.8125,58.4375,146.83333333333331,164.0
136,0,579,255,0.0,31.71875,44.375,30.0,132.89999999999998,107.26666666666671
136,1,777,577,0.0,0.0,36.09375,58.51562500000001,175.6,231.0666666666667
137,0,579,247,0.0,0.0,44.296875,30.15625,129.60000000000002,107.06666666666666
137,1,777,427,0.0,0.0,36.015625,58.75,175.0,196.39999999999998
138,0,661,468,0.3403450679492638,0.0,45.234375,30.15625,330.1666666666667,120.58333333333331
138,1,778,426,0.5022037121060183,36.015625,49.375,0.0,210.58333333333334,69.75
139,0,880,467,0.32819232799035797,6.171875,68.75,30.15625,253.375,146.625
139,1,778,424,0.4860993208438748,17.65625,34.296875,59.140625,116.66666666666666,165.16666666666669
140,0,881,465,0.0,6.171875,68.828125,40.0,195.0,159.875
140,1,779,424,0.0,36.015625,19.765625,59.21875,120.0,142.5
141,0,881,466,0.0,6.171875,68.828125,40.0,195.25,159.5
141,1,779,424,0.0,36.015625,19.765625,59.21875,120.0,142.5
142,0,879,464,0.3187091129348228,55.234375,44.21875,30.312499999999996,204.83333333333334,98.25
142,1,776,424,0.5558335400082528,35.859375,19.84375,59.06249999999999,120.25,142.0
143,0,878,463,0.0,55.15624999999999,44.296875,30.546875,195.2,97.75
143,1,775,424,0.0,35.9375,39.296875,59.140625,147.83333333333331,127.91666666666669
144,0,876,463,0.0,55.078125,32.65625,30.625000000000004,203.41666666666666,99.0
144,1,775,423,0.0,35.859375,19.84375,59.140625,119.75,141.7
145,0,582,250,0.0,32.109375,44.21875,30.859375,131.8,97.44999999999999
145,1,774,422,0.0,35.859375,40.0,59.140625,147.91666666666669,126.58333333333331
146,0,583,249,0.0,32.1875,44.296875,30.859375,131.5,97.0
146,1,774,420,0.0,35.9375,40.234375,59.21875,147.75,125.75
147,0,584,249,0.0,32.265625,44.21875,30.9375,131.8,97.44999999999999
147,1,775,421,0.0,35.9375,40.234375,59.29687500000001,148.0,125.75
148,0,586,249,0.0,32.421875,44.140625,30.9375,131.7,97.30000000000001
148,1,777,418,0.0,35.9375,20.0,59.53125,118.75,140.7
149,0,586,249,0.0,32.421875,44.0625,31.093749999999996,132.10000000000002,97.14999999999998
149,1,778,418,0.0,35.859375,19.921875,59.68750000000001,119.0,140.2
150,0,723,358,0.0,43.125,43.984375,31.328125,170.60000000000002,97.14999999999998
150,1,778,416,0.0,35.78125,19.84375,59.765625,128.83333333333334,139.89999999999998
151,0,821,357,0.0,50.85937499999999,43.984375,31.328125,178.95,96.30000000000001
151,1,779,415,0.0,0.0,34.140625,59.921875,204.66666666666669,161.13333333333333
152,0,644,460,0.0,37.03125,43.984375,31.406250000000004,205.13333333333335,95.69999999999999
152,1,780,414,0.0,35.78125,19.84375,59.921875,120.5,138.7
153,0,644,460,0.0,37.03125,43.984375,31.328125,204.93333333333337,95.89999999999998
153,1,780,414,0.0,35.78125,19.84375,59.921875,120.5,138.7
154,0,642,459,0.0,36.875,33.75,31.406250000000004,202.08333333333334,98.0
154,1,780,413,0.0,35.625,20.0,60.15625,121.25,137.7
155,0,640,458,0.0,0.0,45.859375,40.9375,272.75,142.53571428571428
155,1,782,412,0.0,0.0,35.625,60.3125,176.4,189.4
156,0,638,458,0.0,36.484375,44.0625,31.796875000000004,188.75,95.5
156,1,784,412,0.0,35.546875,20.078125,60.546875,120.25,138.7
157,0,637,458,0.0,0.0,32.8125,44.296875,219.0,177.1111111111111
157,1,785,410,0.0,35.46875,20.15625,60.703125,119.5,139.10000000000002
158,0,638,457,0.0,36.484375,44.375,32.65625,190.45,96.80000000000001
158,1,786,410,0.0,17.8125,34.0625,60.78125,137.75,160.8
159,0,638,457,0.0,36.484375,44.375,32.65625,189.95,96.80000000000001
159,1,786,410,0.0,17.8125,34.0625,60.78125,137.75,160.8
160,0,635,457,0.0,36.40625,34.296875,32.8125,190.5,99.14999999999998
160,1,789,410,0.0,0.15625,35.625,60.9375,177.2,189.40000000000003
161,0,715,457,0.0,6.171875,46.484375,41.796875,197.66666666666669,161.22222222222223
161,1,793,409,0.0,35.625,20.15625,61.328125,112.69999999999999,138.5
162,0,714,457,0.0,42.421875,44.21875,33.28125,216.55,95.19999999999999
162,1,799,409,0.0,35.625,20.15625,61.79687499999999,121.5,137.89999999999998
163,0,634,454,0.0,0.0,46.484375,33.046875,252.66666666666669,148.6190476190476
163,1,802,408,0.0,0.0,35.625,62.03125000000001,177.8,189.2
164,0,633,458,0.0,36.015625,44.21875,33.828125,207.0,94.75
164,1,805,407,0.0,35.703125,20.078125,62.265625,122.75,136.89999999999998
165,0,632,458,0.0,35.9375,44.21875,33.828125,207.0,94.75
165,1,805,407,0.0,35.703125,20.078125,62.265625,122.75,136.89999999999998
166,0,632,458,0.0,0.0,46.5625,34.140625,336.3333333333333,114.66666666666669
166,1,807,407,0.0,0.0,35.703125,62.42187500000001,179.0,189.2
167,0,630,458,0.0,0.0,46.640625,34.296875,308.0,131.0
167,1,808,406,0.0,35.625,20.234375,62.57812499999999,121.75,138.10000000000002
168,0,629,459,0.0,35.625,44.453125,34.53125,208.53333333333333,93.80000000000001
168,1,811,406,0.0,35.703125,20.3125,62.81250000000001,122.25,138.39999999999998
169,0,628,459,0.0,0.0,46.796875,34.921875,309.0,131.60000000000002
169,1,814,407,0.0,35.703125,20.3125,63.125,121.75,139.3
170,0,627,460,0.0,35.390625,44.609375,35.234375,209.66666666666666,93.25
170,1,817,408,0.0,0.0,35.703125,63.4375,179.8,191.59999999999997
171,0,627,460,0.0,0.0,46.796875,35.15625,309.3333333333333,132.2666666666667
171,1,817,408,0.0,35.703125,20.46875,63.4375,122.5,139.89999999999998
172,0,625,459,0.0,0.0,46.875,35.46875,310.3333333333333,131.66666666666669
172,1,823,408,0.0,35.703125,20.390625,63.90625,122.25,141.10000000000002
173,0,624,461,0.0,0.0,46.953125,43.90625,255.66666666666669,158.83333333333331
173,1,826,409,0.0,0.0,35.703125,64.140625,180.2,193.2
174,0,624,461,0.0,0.0,47.03125,43.984375,279.75,144.53571428571428
174,1,830,409,0.0,35.78125,20.390625,64.453125,123.0,141.7
175,0,623,462,0.0,0.0,47.03125,44.140625,257.0,159.375
175,1,836,272,0.0,35.859375,20.46875,64.921875,87.5,141.3
176,0,623,462,0.0,0.0,33.359375,45.15625,228.0,171.875
176,1,839,273,0.0,35.78125,20.546875,65.078125,87.16666666666666,141.7
177,0,623,462,0.0,0.0,33.359375,45.15625,228.0,171.875
177,1,839,273,0.0,35.78125,20.546875,65.078125,87.16666666666666,141.7
178,0,622,462,0.0,0.0,47.265625,44.53125,257.0,161.5
178,1,843,271,0.0,35.859375,20.46875,65.3125,87.0,142.2
179,0,620,464,0.241573077442303,34.609375,45.15625,36.40625,205.08333333333334,90.85000000000002
179,1,846,271,0.6552393659778045,35.78125,20.390625,65.234375,87.5,142.3
180,0,620,465,0.2513752397039901,0.0,47.34375,44.6875,258.0,164.16666666666669
180,1,849,271,0.6274673983619707,35.859375,20.390625,65.234375,88.0,142.8
181,0,619,466,0.2509279693481961,0.0,47.5,44.6875,258.3333333333333,164.83333333333337
181,1,856,272,0.5731419014377834,35.78125,20.390625,65.703125,88.66666666666666,143.0
182,0,619,467,0.0,34.375,12.1875,45.0,184.33333333333334,94.75
182,1,858,271,0.0,35.78125,48.671875,10.390625,180.86666666666667,39.833333333333314
183,0,619,467,0.0,34.375,12.1875,45.078125,184.33333333333334,99.60000000000002
183,1,858,271,0.0,35.78125,48.671875,10.390625,180.86666666666667,39.833333333333314
184,0,619,469,0.0,34.21875,12.1875,45.3125,184.5,95.0
184,1,862,409,0.0,35.859375,20.390625,66.328125,126.0,142.5
185,0,618,468,0.0,0.0,47.734375,45.3125,285.25,157.25
185,1,864,271,0.0,35.859375,20.46875,66.484375,90.16666666666666,142.7
186,0,618,469,0.0,0.0,47.734375,45.46875,260.6666666666667,164.20833333333331
186,1,868,270,0.0,35.9375,20.390625,66.71875,89.66666666666666,143.2
187,0,618,470,0.0,0.0,47.8125,45.546875,261.3333333333333,165.16666666666669
187,1,870,270,0.0,35.9375,20.46875,66.71875,89.66666666666666,144.0
188,0,617,470,0.0,0.0,47.8125,45.9375,261.6666666666667,166.33333333333331
188,1,871,410,0.0,35.9375,20.390625,66.484375,126.75,138.83333333333331
189,0,617,470,0.0,0.0,47.8125,45.9375,261.6666666666667,166.33333333333331
189,1,871,410,0.0,35.9375,20.390625,66.484375,126.75,138.83333333333331
190,0,616,471,0.0,0.0,47.8125,45.9375,288.25,159.41666666666669
190,1,872,408,0.0,36.015625,20.390625,66.171875,126.0,144.89999999999998
191,0,616,472,0.2123041682709227,33.75,36.71875,38.046875,213.33333333333334,100.25
191,1,871,409,0.5163539050541172,35.9375,20.390625,65.9375,126.25,145.60000000000002
192,0,615,474,0.21142670055615936,0.0,47.96875,38.125,263.0,182.33333333333331
192,1,873,412,0.515311733622808,36.015625,20.390625,65.9375,126.5,146.2
193,0,615,475,0.210334191602211,33.75,36.640625,38.046875,213.66666666666666,101.75
193,1,874,412,0.5223611813659993,35.9375,20.390625,65.9375,126.75,146.3
194,0,615,477,0.20996905491447512,33.671875,36.640625,37.890625,214.66666666666669,101.83333333333331
194,1,875,413,0.5442577626146475,36.015625,20.390625,65.703125,126.5,147.2
195,0,615,477,0.2099690549144751,33.671875,36.640625,37.890625,214.66666666666669,101.83333333333331
195,1,875,413,0.5442577626146476,36.015625,20.390625,65.703125,126.5,147.2
196,0,615,479,0.0,0.0,48.046875,37.578125,263.6666666666667,184.66666666666663
196,1,875,413,0.0,36.015625,20.3125,65.625,127.0,147.0
197,0,687,480,0.0,5.859375,48.046875,37.65625,241.0,172.3
197,1,874,414,0.0,36.015625,20.3125,65.3125,128.0,147.39999999999998
198,0,614,481,0.5408959333090605,0.0,47.96875,38.203125,265.3333333333333,189.66666666666669
198,1,935,461,0.37679791495231446,29.765625,35.859375,65.0,211.93333333333334,201.00000000000003
199,0,611,481,0.5468629098635176,0.0,47.734375,37.96875,265.0,181.875
199,1,934,443,0.3951321797244987,22.265625,35.859375,64.921875,200.5,201.39999999999998
200,0,610,252,0.5903554576455011,33.359375,20.703125,37.890625,126.16666666666669,105.16666666666663
200,1,867,412,0.4192957871785894,0.0,35.78125,64.453125,185.2,201.0
201,0,609,252,0.5900628294517174,33.28125,20.703125,37.96875,126.16666666666669,105.16666666666663
201,1,867,412,0.4192313621160082,0.0,35.78125,64.453125,185.0,201.2
202,0,608,251,0.5933062971596372,33.203125,36.09375,37.734375,142.25,97.25
202,1,863,412,0.42187288987038696,35.625,20.0,63.98437500000001,126.25,147.7
203,0,606,248,0.5984805058392152,33.046875,11.953125,37.421875,113.5,115.5
203,1,858,412,0.4248558736759461,0.0,35.546875,63.28125,185.0,200.8
204,0,605,248,0.6037538064373826,47.265625,23.90625,37.34375,138.33333333333331,72.25
204,1,855,411,0.42968553650863217,35.46875,20.0,62.890625,125.0,148.5
205,0,603,477,0.562512718135285,0.0,47.109375,37.265625,264.0,186.16666666666669
205,1,852,411,0.4171339561253074,35.390625,19.921875,62.34375,124.5,143.83333333333331
206,0,664,476,0.5034010039594788,5.625,47.109375,44.53125,212.33333333333331,180.95238095238096
206,1,849,411,0.4218841448431548,35.390625,19.765625,61.953125,124.75,144.83333333333331
207,0,664,476,0.5047853821218717,5.625,47.109375,44.53125,212.33333333333331,180.95238095238096
207,1,849,411,0.4219143695106638,35.390625,19.765625,61.953125,124.75,144.66666666666669
208,0,1099,377,0.5297211370242347,85.859375,11.875,44.296875,167.0,111.19999999999999
208,1,845,409,0.44601018967386435,35.3125,19.6875,61.5625,125.75,149.10000000000002
209,0,1207,475,0.4400489268867832,94.296875,46.796875,43.90625,153.66666666666669,182.19047619047615
209,1,841,395,0.41549780701886296,35.234375,19.53125,55.3125,126.0,139.10000000000002
210,0,1037,314,0.0,81.015625,0.0,36.484375,105.33333333333334,123.5
210,1,839,416,0.0,35.234375,19.375,60.07812500000001,125.5,151.85714285714283
211,0,596,247,0.0,32.34375,0.0,36.640625,81.5,124.16666666666669
211,1,833,414,0.0,35.078125,19.296875,59.609375,124.75,151.2
212,0,593,246,0.0,32.265625,11.484375,36.5625,115.5,100.39999999999998
212,1,827,414,0.0,34.921875,19.140625,59.375,124.5,155.83333333333331
213,0,593,246,0.0,32.265625,11.484375,36.5625,115.5,100.39999999999998
213,1,827,414,0.0,34.921875,19.140625,59.21875,124.5,151.3
214,0,755,329,0.0,0.0,46.171875,36.328125,115.33333333333331,178.33333333333337
214,1,751,413,0.0,18.515625,19.140625,58.67187499999999,139.66666666666666,151.0
215,0,753,330,0.28124398322228406,58.828125,32.96875,28.828125,174.16666666666669,64.33333333333331
215,1,821,442,0.43872575133842284,18.28125,34.765625,58.51562500000001,196.0,203.2
216,0,750,377,0.28397662509328075,8.4375,45.9375,36.25,146.33333333333334,177.66666666666669
216,1,817,414,0.45220099215675336,0.0,34.6875,58.203125,181.60000000000002,203.79999999999995
217,0,825,412,0.0,50.390625,44.296875,28.515625,229.58333333333334,85.91666666666669
217,1,877,444,0.0,39.21875,34.609375,57.8125,200.60000000000002,204.0
218,0,1179,334,0.27743242315875366,92.109375,45.625,36.25,107.00000000000003,180.16666666666663
218,1,808,412,0.4432170826238304,34.609375,18.90625,57.34375000000001,122.25,152.89999999999998
219,0,1179,334,0.27745643912227885,92.109375,11.25,36.25,165.2,100.19999999999999
219,1,808,412,0.443000104480769,0.0,34.609375,57.34375000000001,181.0,204.39999999999998
220,0,1176,334,0.0,91.875,18.828125,36.328125,175.8,91.0
220,1,802,411,0.0,0.0,34.453125,56.875,180.8,204.2
221,0,1175,333,0.0,91.796875,44.453125,28.359374999999996,191.25,87.0
221,1,800,411,0.0,0.0,34.53125,56.56250000000001,180.39999999999998,204.40000000000003
222,0,1174,333,0.0,91.71875,18.59375,36.640625,154.25,110.0
222,1,859,444,0.0,38.90625,34.453125,56.09375,199.2,204.2
223,0,1173,333,0.28000538106074113,91.640625,18.59375,36.640625,153.75,110.25
223,1,794,437,0.4184442917715621,18.125,34.53125,55.93749999999999,193.3,204.8
224,0,1173,333,0.28175122906296524,91.640625,18.4375,36.71875,154.25,111.0
224,1,791,439,0.42260751537670416,18.125,34.53125,55.78125000000001,193.7,205.8
225,0,1173,333,0.28175122906296524,91.640625,18.4375,36.71875,154.25,111.0
225,1,855,446,0.39829585756170227,38.828125,34.53125,55.703125,199.86666666666667,205.8
226,0,1173,335,0.2834725500845046,91.640625,18.28125,36.796875,154.75,111.75
226,1,853,447,0.39755611222598236,38.828125,34.609375,55.54687499999999,199.8,206.39999999999998
227,0,1173,335,0.2859471538517284,91.640625,45.46875,36.875,106.16666666666669,184.93333333333334
227,1,851,447,0.3841855031361998,38.828125,34.6875,55.234375,200.8,210.2
228,0,1174,336,0.24766971614287894,91.71875,18.203125,28.281250000000004,155.0,115.75
228,1,848,445,0.41096540703182294,38.828125,34.765625,54.76562499999999,201.0,207.2
229,0,1175,336,0.0,91.796875,18.125,28.203125,172.25,99.25
229,1,847,449,0.0,38.828125,34.921875,54.53125,201.39999999999998,208.40000000000003
230,0,1175,340,0.0,91.796875,45.46875,28.281250000000004,107.16666666666669,193.5333333333333
230,1,845,451,0.0,38.828125,35.0,54.37499999999999,202.0,212.83333333333331
231,0,1175,340,0.0,91.796875,45.46875,28.281250000000004,107.16666666666669,193.7333333333333
231,1,846,451,0.0,38.828125,35.0,54.37499999999999,202.0,209.2
232,0,1177,341,0.0,91.953125,45.46875,28.203125,107.0,183.33333333333331
232,1,844,453,0.0,38.828125,35.0,54.21875000000001,202.2,210.2
233,0,1178,343,0.0,92.03125,45.46875,37.1875,107.33333333333331,200.4666666666667
233,1,841,451,0.0,38.828125,35.078125,53.59374999999999,202.8,210.59999999999997
234,0,1207,344,0.2565599980306837,94.296875,0.0,34.84375,112.80000000000001,158.60000000000002
234,1,838,444,0.42819457395889815,38.828125,35.15625,52.65625000000001,202.8,210.0
235,0,1180,348,0.2908744291562349,92.1875,34.53125,34.765625,210.33333333333331,53.916666666666686
235,1,771,438,0.46746440774447934,35.234375,18.671875,52.26562500000001,151.1,159.10000000000002
236,0,1180,348,0.30396710207329974,92.1875,0.0,44.296875,119.5,156.0
236,1,769,415,0.4805794199598223,0.0,35.3125,51.87500000000001,185.39999999999998,211.60000000000002
237,0,1180,348,0.30443839994521954,92.1875,0.0,44.296875,119.5,155.83333333333331
237,1,769,415,0.4895175599045872,35.3125,18.75,51.87500000000001,123.0,160.5
238,0,1180,349,0.2374692309507779,92.1875,45.625,34.53125,107.33333333333331,205.16666666666669
238,1,767,418,0.5197902061542151,0.0,35.46875,51.64062499999999,187.2,212.60000000000002
239,0,1180,351,0.0,92.1875,45.703125,44.296875,108.83333333333331,201.66666666666669
239,1,764,417,0.0,35.625,18.75,51.171875,123.75,162.0
240,0,1182,351,0.0,92.34375,0.0,44.375,122.0,156.5
240,1,760,441,0.0,18.125,35.625,50.70312500000001,199.2,213.8
241,0,1181,352,0.0,92.265625,0.0,34.0625,122.0,164.20000000000005
241,1,754,443,0.0,18.203125,35.703125,50.0,199.8,214.39999999999998
242,0,1182,354,0.0,92.34375,0.0,44.375,122.75,158.16666666666669
242,1,752,469,0.0,18.203125,35.703125,49.53125,213.06666666666666,217.02857142857147
243,0,1182,354,0.0,92.34375,0.0,44.375,122.75,158.16666666666669
243,1,752,469,0.0,18.203125,35.703125,49.53125,213.06666666666666,217.17142857142858
244,0,1182,356,0.0,92.34375,0.0,44.53125,136.33333333333334,149.57142857142856
244,1,751,471,0.0,18.203125,35.78125,49.53125,213.4666666666667,218.7
245,0,1182,359,0.0,92.34375,0.0,44.609375,136.0,148.0
245,1,750,473,0.0,18.203125,35.78125,49.296875,213.5333333333333,219.2
246,0,1040,335,0.0,80.546875,0.0,44.609375,105.33333333333334,151.85714285714283
246,1,747,477,0.0,18.203125,35.9375,48.75,213.7333333333333,226.60000000000002
247,0,1041,499,0.0,80.546875,0.0,44.453125,147.8,161.66666666666663
247,1,744,455,0.0,18.28125,36.015625,48.203125,210.5,219.5
248,0,1043,336,0.0,80.625,0.0,44.375,104.66666666666666,155.28571428571428
248,1,740,482,0.0,7.265625000000001,36.015625,47.734375,214.8,229.2
249,0,1043,336,0.0,80.625,0.0,44.375,104.66666666666666,155.28571428571428
249,1,740,481,0.0,7.265625000000001,36.015625,47.734375,214.60000000000002,229.39999999999998
250,0,1045,337,0.0,80.625,0.0,44.53125,104.66666666666666,160.71428571428567
250,1,739,483,0.0,7.265625000000001,36.09375,47.421875,215.39999999999998,217.43333333333334
251,0,1046,338,0.0,80.703125,0.0,44.453125,105.33333333333334,160.42857142857144
251,1,738,485,0.0,7.265625000000001,36.25,47.03125,215.5,222.60000000000002
252,0,1048,339,0.5137351580613282,80.78125,36.171875,32.8125,214.66666666666669,44.583333333333314
252,1,737,435,0.40741411555374024,0.0,36.40625,46.953125,190.0,224.0
253,0,1214,341,0.0,94.84375,0.0,44.453125,102.5,162.1428571428571
253,1,734,489,0.0,7.265625000000001,36.484375,46.5625,216.5,224.8
254,0,1051,345,0.0,81.09375,0.0,44.21875,106.0,165.0
254,1,729,442,0.0,36.5625,19.0625,46.015625,125.75,173.89999999999998
255,0,1051,345,0.0,81.09375,0.0,44.21875,106.0,165.0
255,1,729,442,0.0,36.5625,19.0625,46.015625,125.75,173.89999999999998
256,0,1053,347,0.5216058730541506,81.09375,36.484375,32.265625,220.66666666666669,43.583333333333314
256,1,727,497,0.3289595406425809,36.640625,18.984375,45.703125,139.0,175.10000000000002
257,0,604,280,0.5117593491829291,32.109375,0.0,44.21875,82.0,167.28571428571433
257,1,722,500,0.32681832520976617,36.71875,19.0625,45.234375,138.5,176.89999999999998
258,0,604,283,0.5210104120235327,32.109375,0.0,44.0625,83.0,167.42857142857144
258,1,719,502,0.3288519557157402,36.796875,19.0625,44.84375,138.0,177.89999999999998
259,0,603,284,0.5695230988638086,45.9375,36.5625,31.640625,199.0,43.333333333333314
259,1,718,503,0.3348397727993432,36.875,19.140625,44.53125,138.0,179.0
260,0,1056,350,0.0,81.328125,0.0,43.59375,105.33333333333334,169.42857142857144
260,1,717,505,0.0,0.0,36.953125,43.984375,245.39999999999998,233.4333333333334
261,0,1056,350,0.0,81.328125,0.0,43.59375,105.33333333333334,169.42857142857144
261,1,717,505,0.0,0.0,36.953125,44.140625,245.39999999999998,232.9333333333334
262,0,1057,351,0.0,81.40625,0.0,43.59375,105.0,171.28571428571433
262,1,716,508,0.0,0.0,31.874999999999996,43.75,256.25,222.75
263,0,1056,352,0.0,81.40625,0.0,43.28125,105.33333333333334,172.1428571428571
263,1,716,307,0.0,37.1875,19.21875,43.75,84.5,185.5
264,0,1057,353,0.0,81.40625,0.0,43.125,105.0,174.28571428571433
264,1,716,312,0.0,37.265625,0.0,43.75,190.8,56.75
265,0,1057,355,0.0,81.484375,36.5625,14.374999999999998,237.75,39.33333333333337
265,1,715,493,0.0,0.0,37.34375,43.671875,222.60000000000002,237.39999999999998
266,0,1058,356,0.0,0.0,45.9375,42.734375,95.0,229.375
266,1,715,497,0.0,37.421875,19.375,43.75,133.5,187.60000000000002
267,0,1058,356,0.0,0.0,45.9375,42.734375,95.0,229.375
267,1,715,497,0.0,37.421875,19.375,43.75,133.5,187.79999999999995
268,0,1059,357,0.656371979230335,81.5625,36.5625,14.296875,238.25,41.0
268,1,715,500,0.4770481940816967,0.0,37.5,43.75,223.2,241.59999999999997
269,0,1219,358,0.5457164066407805,95.234375,0.0,42.5,105.5,175.8571428571429
269,1,714,321,0.53015129378031,37.5,19.375,43.671875,86.66666666666666,190.39999999999998
270,0,604,298,0.0,46.09375,0.0,42.5,188.0,54.16666666666663
270,1,714,505,0.0,0.0,37.578125,43.59375,225.60000000000002,243.39999999999998
271,0,603,300,0.0,32.34375,0.0,42.1875,85.5,180.0
271,1,713,322,0.0,37.65625,19.53125,43.59375,86.33333333333334,191.39999999999998
272,0,761,446,0.0,45.703125,0.0,42.265625,126.5,180.8571428571429
272,1,713,392,0.0,37.8125,0.0,43.59375,193.39999999999998,81.0
273,0,761,446,0.0,45.703125,0.0,42.265625,126.5,180.8571428571429
273,1,713,392,0.0,37.8125,0.0,43.59375,193.39999999999998,81.0
274,0,605,302,0.5263380058229862,32.5,0.0,36.796875,86.0,173.79999999999995
274,1,713,392,0.58730052335569,37.96875,19.609375,44.6875,86.16666666666666,212.07142857142856
275,0,604,301,0.0,0.0,0.0,36.875,84.0,182.33333333333337
275,1,712,320,0.0,38.125,0.0,43.828125,198.0,62.5
276,0,604,301,0.0,0.0,0.0,36.875,84.0,182.33333333333337
276,1,712,321,0.0,38.125,0.0,43.828125,198.0,62.75
277,0,605,302,0.0,0.0,0.0,36.953125,84.0,183.0
277,1,712,530,0.0,38.125,19.765625,43.90625,125.69999999999999,194.10000000000002
278,0,661,404,0.0,37.96875,0.0,37.03125,119.33333333333334,177.60000000000002
278,1,712,318,0.0,38.203125,19.765625,43.984375,81.25,186.75
279,0,663,404,0.0,5.3125,0.0,37.03125,134.5,177.39999999999998
279,1,1100,603,0.0,68.671875,43.90625,0.0,292.225,100.39999999999998
280,0,606,311,0.0,46.5625,19.375,27.734375,213.16666666666669,38.5
280,1,1100,603,0.0,68.671875,19.84375,43.90625,144.64285714285714,213.83333333333337
281,0,607,556,0.0,0.0,46.5625,37.109375,276.3333333333333,236.2666666666667
281,1,783,541,0.0,28.046875,38.28125,43.984375,225.42857142857144,253.7714285714286
282,0,609,558,0.0,0.0,46.640625,37.265625,292.5,221.29999999999995
282,1,783,608,0.0,28.046875,38.28125,44.21875,228.66666666666666,269.50000000000006
283,0,621,559,0.0,5.546875,46.71875,42.265625,244.5,230.5
283,1,709,608,0.0,7.421875,38.4375,40.46875,226.16666666666669,261.8333333333333
284,0,610,561,0.0,0.0,46.796875,42.34375,293.0,227.16666666666663
284,1,709,608,0.0,7.421875,38.515625,40.3125,230.3,264.99999999999994
285,0,1086,565,0.0,84.84375,46.796875,42.421875,203.83333333333331,228.33333333333337
285,1,710,608,0.0,7.5,38.671875,40.3125,230.7,258.55
286,0,1086,565,0.0,84.84375,46.796875,42.421875,203.83333333333331,228.33333333333337
286,1,710,608,0.0,7.5,38.671875,40.3125,230.7,258.55
287,0,1235,388,0.0,96.484375,0.0,42.5,118.33333333333334,185.66666666666663
287,1,710,455,0.0,38.75,20.234375,40.15625,127.75,178.16666666666663
288,0,1078,392,0.0,83.359375,0.0,42.5,126.5,185.5
288,1,711,456,0.0,38.90625,20.234375,40.078125,117.5,178.5
289,0,1079,398,0.0,83.4375,0.0,42.578125,129.0,186.83333333333337
289,1,712,557,0.0,0.0,39.140625,40.0,207.2,260.8
290,0,615,317,0.0,0.0,0.0,42.8125,87.0,188.16666666666663
290,1,712,459,0.0,39.296875,20.390625,39.921875,128.5,181.16666666666663
291,0,616,318,0.0,0.0,0.0,42.890625,87.0,189.66666666666663
291,1,712,461,0.0,39.375,20.546875,39.921875,129.25,181.66666666666663
292,0,616,318,0.0,0.0,0.0,42.8125,87.0,189.66666666666663
292,1,711,461,0.0,39.375,20.546875,39.84375,129.0,181.66666666666663
293,0,616,320,0.0,0.0,0.0,37.890625,87.0,184.20000000000005
293,1,713,503,0.0,39.609375,20.546875,44.53125,129.0,197.75
294,0,617,323,0.0,0.0,0.0,37.96875,87.0,185.79999999999995
294,1,712,506,0.0,39.6875,20.703125,44.6875,129.25,199.25
295,0,618,293,0.0,0.0,0.0,20.0,89.0,182.66666666666663
295,1,712,463,0.0,39.921875,20.703125,39.53125,118.30000000000001,185.25
296,0,620,293,0.0,0.0,0.0,20.078125,88.0,183.33333333333337
296,1,711,462,0.0,40.0,20.703125,39.375,111.5,185.0
297,0,621,294,0.0,0.0,0.0,20.234375,90.0,182.66666666666663
297,1,711,461,0.0,0.0,40.078125,39.296875,207.83333333333331,239.50000000000006
298,0,783,349,0.0,13.4375,0.0,27.8125,100.5,197.0
298,1,711,462,0.0,0.0,40.0,39.296875,207.83333333333331,239.50000000000006
299,0,785,352,0.0,61.328125,6.171875,27.8125,241.0,49.0
299,1,710,461,0.0,0.0,40.234375,38.984375,208.5,239.83333333333337
300,0,697,462,0.0,6.5625,0.0,27.734375,157.0,197.75
300,1,711,464,0.0,0.0,40.3125,39.0625,213.8,238.7
301,0,623,331,0.0,48.125,6.171875,27.734375,218.5,50.5
301,1,712,462,0.0,0.0,40.546875,38.90625,214.0,236.0
302,0,638,495,0.0,0.0,48.28125,27.8125,208.5,244.25
302,1,711,464,0.0,0.0,40.703125,38.984375,215.39999999999998,236.26666666666665
303,0,640,496,0.0,0.0,48.359375,27.8125,209.5,245.0
303,1,712,471,0.0,0.0,41.015625,39.0625,212.83333333333331,243.91666666666669
304,0,640,597,0.0,5.546875,48.359375,27.8125,260.0,244.75
304,1,712,471,0.0,0.0,41.015625,38.984375,213.0,243.75
305,0,627,336,0.0,0.0,0.0,27.890625000000004,93.0,199.25
305,1,711,471,0.0,41.09375,21.171875,39.21875,122.69999999999999,186.5
306,0,628,337,0.0,48.59375,6.406249999999999,27.8125,220.0,53.5
306,1,709,473,0.0,0.0,41.25,39.375,214.16666666666669,246.99999999999994
307,0,797,361,0.0,13.593749999999998,0.0,27.8125,104.0,201.0
307,1,707,474,0.0,0.0,41.328125,38.671875,215.16666666666669,247.03333333333336
308,0,800,360,0.0,47.734375,0.0,27.8125,102.0,201.25
308,1,707,578,0.0,41.484375,21.484375,38.671875,135.0,210.66666666666663
309,0,802,361,0.0,47.734375,0.0,39.296875,102.0,193.79999999999995
309,1,706,580,0.0,0.0,41.5625,37.734375,217.0,278.0
310,0,802,361,0.0,47.734375,0.0,39.296875,102.0,193.79999999999995
310,1,706,579,0.0,41.5625,21.5625,37.734375,123.19999999999999,236.79999999999995
311,0,804,362,0.0,47.734375,0.0,39.453125,103.33333333333331,192.79999999999995
311,1,702,580,0.0,0.0,41.640625,37.1875,217.66666666666669,293.93333333333334
312,0,805,359,0.0,13.750000000000002,0.0,39.53125,104.5,193.0
312,1,700,480,0.0,41.71875,21.640625,37.03125,116.33333333333334,192.5
313,0,632,340,0.0,0.0,0.0,39.53125,96.0,192.60000000000002
313,1,699,481,0.0,41.71875,21.640625,36.796875,116.5,193.16666666666663
314,0,633,342,0.0,0.0,0.0,39.6875,95.0,193.79999999999995
314,1,698,583,0.0,41.796875,21.71875,36.796875,117.33333333333334,221.5
315,0,633,344,0.0,0.0,0.0,39.6875,96.0,193.79999999999995
315,1,780,520,0.0,21.875,41.875,36.40625,236.92857142857144,255.57142857142856
316,0,633,344,0.0,0.0,0.0,39.6875,96.0,193.79999999999995
316,1,780,520,0.0,21.875,41.875,36.40625,236.92857142857144,255.57142857142856
317,0,633,344,0.0,0.0,0.0,39.765625,96.0,194.20000000000005
317,1,777,520,0.0,48.515625,21.71875,36.171875,146.85714285714286,195.0
318,0,633,310,0.0,0.0,0.0,39.765625,97.0,179.75
318,1,775,522,0.0,21.875,41.953125,35.9375,238.5,257.0
319,0,633,310,0.0,0.0,0.0,39.84375,97.0,180.25
319,1,773,522,0.0,21.796875,41.875,35.703125,238.64285714285717,257.1904761904762
320,0,632,348,0.0,49.375,25.078125,27.578124999999996,218.5,62.5
320,1,771,596,0.0,48.59375,35.625,0.0,311.4444444444444,79.33333333333337
321,0,632,348,0.0,0.0,0.0,39.765625,97.0,195.39999999999998
321,1,769,524,0.0,21.796875,41.875,35.46875,242.16666666666669,255.66666666666669
322,0,632,348,0.0,0.0,0.0,39.84375,97.0,195.39999999999998
322,1,769,525,0.0,21.796875,41.875,35.46875,242.33333333333331,255.83333333333331
323,0,632,310,0.0,0.0,0.0,39.84375,96.0,182.0
323,1,767,526,0.0,21.796875,41.875,35.3125,239.78571428571428,259.0476190476191
324,0,632,310,0.0,0.0,0.0,39.84375,96.0,182.25
324,1,764,526,0.0,21.796875,41.953125,35.078125,240.35714285714283,258.14285714285717
325,0,632,310,0.0,49.296875,17.65625,14.84375,211.5,38.0
325,1,762,528,0.0,21.796875,41.875,34.921875,240.78571428571428,259.0476190476191
326,0,631,310,0.0,49.21875,25.0,0.0,220.5,41.0
326,1,760,529,0.0,21.796875,41.796875,34.765625,241.07142857142856,260.0952380952381
327,0,631,347,0.0,49.21875,25.0,27.421875,219.66666666666663,59.83333333333337
327,1,758,529,0.0,21.796875,41.796875,34.53125,244.83333333333331,257.50000000000006
328,0,631,347,0.0,49.21875,25.0,27.421875,220.0,59.5
328,1,758,529,0.0,21.796875,41.796875,34.53125,244.83333333333331,257.50000000000006
329,0,630,346,0.0,49.140625,25.0,27.34375,219.5,59.5
329,1,756,530,0.0,21.796875,41.875,34.375,244.5,258.33333333333337
330,0,629,346,0.0,0.0,0.0,39.53125,98.0,194.0
330,1,754,530,0.0,21.875,41.875,34.21875,245.66666666666669,258.3333333333333
331,0,629,351,0.0,33.828125,0.0,39.375,100.0,194.39999999999998
331,1,752,530,0.0,21.875,41.796875,34.0625,248.8,255.53333333333336
332,0,628,353,0.0,33.75,0.0,39.296875,101.0,194.20000000000005
332,1,752,531,0.0,21.875,41.796875,33.984375,245.0,259.66666666666663
333,0,628,356,0.0,33.75,0.0,39.21875,101.0,195.20000000000005
333,1,750,532,0.0,21.796875,41.71875,33.828125,245.33333333333331,259.3333333333333
334,0,628,357,0.0,33.75,0.0,39.21875,101.5,195.20000000000005
334,1,750,532,0.0,21.796875,41.71875,33.828125,245.33333333333331,259.3333333333333
335,0,629,356,0.0,33.828125,0.0,48.359375,101.0,203.83333333333337
335,1,749,636,0.0,21.796875,41.5625,34.296875,245.66666666666669,286.8333333333333
336,0,628,357,0.0,49.0625,39.140625,22.03125,247.75,69.25
336,1,746,638,0.0,48.75,33.515625,0.0,322.29166666666663,112.33333333333337
337,0,628,357,0.0,33.75,0.0,48.59375,102.0,203.0
337,1,743,638,0.0,48.75,33.28125,0.0,322.79166666666663,111.33333333333337
338,0,751,524,0.0,43.203125,0.0,48.75,157.66666666666666,203.5
338,1,740,638,0.0,21.796875,41.484375,33.515625,246.33333333333331,289.1666666666667
339,0,754,525,0.0,0.0,48.984375,48.984375,203.33333333333331,271.1666666666667
339,1,735,638,0.0,48.671875,32.734375,0.0,323.41666666666663,110.33333333333337
340,0,754,525,0.0,0.0,48.984375,48.984375,203.33333333333331,271.1666666666667
340,1,735,638,0.0,21.796875,41.328125,33.125,247.0,289.5
341,0,756,516,0.0,0.0,49.0625,49.140625,204.0,260.4
341,1,732,639,0.0,21.796875,41.328125,32.96875,251.2,286.05
342,0,757,516,0.0,0.0,48.90625,49.375,204.0,260.6
342,1,730,639,0.0,21.796875,41.328125,32.8125,251.39999999999998,286.1
343,0,759,516,0.0,0.0,48.90625,49.53125,204.33333333333331,260.46666666666664
343,1,728,539,0.0,21.875,41.25,32.265625,251.89999999999998,258.9333333333334
344,0,637,354,0.0,33.515625,0.0,49.609375,100.0,202.83333333333337
344,1,726,540,0.0,21.875,41.25,32.1875,252.3,258.53333333333336
345,0,758,524,0.0,42.96875,0.0,49.453125,158.0,201.83333333333337
345,1,723,541,0.0,21.875,41.171875,31.953125,252.10000000000002,259.0666666666666
346,0,757,523,0.0,0.0,48.828125,49.453125,203.66666666666669,269.1666666666667
346,1,723,541,0.0,21.875,41.171875,31.953125,252.10000000000002,259.0666666666666
347,0,758,523,0.0,42.8125,0.0,49.609375,156.66666666666666,203.16666666666663
347,1,720,641,0.0,48.671875,31.71875,0.0,331.2857142857143,111.0
348,0,757,513,0.0,0.0,48.671875,49.453125,203.0,259.4
348,1,716,544,0.0,21.875,41.015625,31.406250000000004,252.3,260.2
349,0,757,525,0.0,0.0,48.671875,49.453125,204.0,253.42857142857144
349,1,712,545,0.0,21.875,41.015625,31.25,252.7,260.46666666666664
350,0,758,525,0.0,0.0,48.59375,49.53125,203.33333333333331,253.52380952380958
350,1,709,544,0.0,21.875,41.015625,31.015625000000004,252.7,260.46666666666664
351,0,639,356,0.0,48.59375,24.609375,49.53125,217.66666666666669,83.33333333333337
351,1,707,640,0.0,48.75,31.015625000000004,0.0,333.38095238095235,107.33333333333337
352,0,639,356,0.0,33.359375,11.5625,49.53125,146.0,157.33333333333337
352,1,707,640,0.0,48.75,31.015625000000004,0.0,333.38095238095235,107.33333333333337
353,0,638,357,0.0,33.28125,11.484375,49.453125,146.0,157.5
353,1,704,640,0.0,21.875,40.859375,30.9375,253.8,287.7
354,0,757,558,0.0,0.78125,48.4375,49.375,218.33333333333331,254.09523809523813
354,1,701,546,0.0,21.875,40.859375,31.015625000000004,253.8,261.53333333333336
355,0,757,559,0.0,0.703125,48.4375,49.296875,218.16666666666669,253.76190476190476
355,1,696,640,0.0,48.671875,30.546875,0.0,333.2380952380952,107.33333333333337
356,0,758,560,0.0,0.625,48.359375,49.296875,218.16666666666669,253.76190476190476
356,1,693,640,0.0,21.875,40.703125,30.312499999999996,254.0,287.5
357,0,800,560,0.0,3.8281250000000004,48.28125,49.296875,200.33333333333331,253.42857142857144
357,1,690,640,0.0,21.875,40.703125,30.078125,254.0,287.5
358,0,800,560,0.0,3.8281250000000004,48.28125,49.296875,200.33333333333331,253.42857142857144
358,1,690,640,0.0,21.875,40.703125,30.078125,254.0,287.5
359,0,757,559,0.0,0.46875,48.203125,49.21875,218.33333333333331,253.38095238095235
359,1,686,639,0.0,21.875,40.625,29.6875,254.2,287.3
360,0,757,523,0.0,0.0,48.203125,49.296875,199.33333333333331,253.38095238095235
360,1,679,547,0.0,21.875,40.46875,28.984375,255.10000000000002,260.4
361,0,798,524,0.0,3.2031249999999996,48.125,49.296875,181.33333333333331,269.1666666666667
361,1,675,638,0.0,21.875,40.46875,28.671875000000004,255.3,285.95
362,0,759,525,0.0,42.34375,0.0,49.53125,157.0,201.33333333333337
362,1,671,549,0.0,21.875,40.3125,28.4375,255.3,259.53333333333336
363,0,759,525,0.0,57.1875,38.515625,24.84375,296.75,67.5
363,1,668,549,0.0,21.875,40.234375,28.203125,256.0,258.66666666666663
364,0,759,525,0.0,57.1875,38.515625,24.84375,296.75,67.5
364,1,668,549,0.0,21.875,40.234375,28.203125,256.0,258.66666666666663
365,0,758,526,0.0,42.1875,0.0,49.53125,157.0,201.66666666666663
365,1,665,550,0.0,21.875,40.078125,28.046875,256.0,258.33333333333337
366,0,790,532,0.0,44.609375,0.0,49.609375,185.5,201.5
366,1,660,647,0.0,48.359375,27.65625,0.0,330.7142857142857,116.0
367,0,790,533,0.0,59.609375,38.515625,25.078125,327.6,68.5
367,1,657,648,0.0,48.359375,27.500000000000004,0.0,329.42857142857144,118.0
368,0,790,533,0.0,59.609375,38.515625,25.156250000000004,327.2,68.5
368,1,653,550,0.0,21.875,39.6875,27.265625,256.7,255.13333333333338
369,0,791,534,0.0,59.609375,38.515625,25.3125,327.65,67.25
369,1,650,549,0.0,21.875,39.609375,27.109375000000004,256.5,255.0
370,0,791,534,0.0,59.609375,38.515625,25.3125,327.65,67.25
370,1,650,549,0.0,21.875,39.609375,27.109375000000004,257.0,255.0
371,0,792,535,0.0,44.6875,0.0,49.84375,186.0,210.20000000000005
371,1,645,548,0.0,21.796875,39.453125,26.796874999999996,257.4,253.9333333333334
372,0,793,535,0.0,44.765625,0.0,49.921875,186.0,210.20000000000005
372,1,640,548,0.0,21.796875,39.453125,26.484375,257.4,252.9333333333334
373,0,804,535,0.0,45.625,0.0,49.921875,195.2,209.79999999999995
373,1,638,545,0.0,21.796875,39.296875,26.484375,256.9,251.60000000000002
374,0,805,536,0.0,45.546875,0.0,50.07812499999999,194.8,209.79999999999995
374,1,634,546,0.0,21.796875,39.21875,26.328125000000004,257.1,250.73333333333335
375,0,804,536,0.0,3.4375000000000004,47.65625,49.84375,188.00000000000003,263.61904761904765
375,1,629,548,0.0,21.796875,39.140625,25.937500000000004,257.5,250.33333333333337
376,0,804,536,0.0,3.4375000000000004,47.65625,49.84375,188.00000000000003,268.99999999999994
376,1,629,548,0.0,21.796875,39.140625,25.937500000000004,257.3,250.53333333333336
377,0,805,536,0.0,3.515625,47.65625,49.765625,188.00000000000003,268.8333333333333
377,1,626,546,0.0,21.796875,38.984375,25.78125,257.1,236.64999999999998
378,0,805,536,0.0,60.46875000000001,38.28125,25.937500000000004,340.0,67.5
378,1,623,547,0.0,21.796875,38.828125,25.624999999999996,257.3,235.45
379,0,804,536,0.0,45.546875,0.0,49.609375,194.0,200.33333333333337
379,1,620,545,0.0,21.796875,38.671875,25.46875,257.8,234.95
380,0,805,536,0.0,3.4375000000000004,47.34375,49.609375,187.33333333333331,268.1666666666667
380,1,617,544,0.0,21.796875,38.4375,25.3125,258.0,235.0
381,0,805,537,0.0,3.4375000000000004,47.421875,49.609375,179.41666666666666,276.58333333333337
381,1,612,544,0.0,21.796875,38.28125,25.0,258.2,234.3
382,0,805,537,0.0,3.4375000000000004,47.421875,49.53125,178.91666666666666,277.08333333333337
382,1,612,544,0.0,21.796875,38.28125,25.0,258.4,234.10000000000002
383,0,806,536,0.0,3.515625,47.265625,49.609375,187.66666666666666,268.00000000000006
383,1,608,544,0.0,21.796875,38.203125,24.6875,258.2,234.3
384,0,799,537,0.0,59.84374999999999,37.890625,26.406249999999996,325.0,67.0
384,1,606,543,0.0,21.796875,38.046875,24.53125,258.2,232.8
385,0,800,537,0.0,45.15625,0.0,49.53125,183.75,199.83333333333337
385,1,606,542,0.0,21.796875,37.96875,24.453125,258.9,243.9333333333334
386,0,762,517,0.0,42.1875,0.0,49.6875,140.0,199.83333333333337
386,1,606,541,0.0,21.796875,37.890625,24.0625,258.5,248.5
387,0,763,517,0.0,42.1875,0.0,49.765625,139.75,197.42857142857144
387,1,606,541,0.0,21.796875,37.890625,23.90625,258.7,228.8
388,0,763,517,0.0,42.1875,0.0,49.765625,162.8,197.42857142857144
388,1,606,541,0.0,21.796875,37.890625,23.828125,258.7,228.8
389,0,765,517,0.0,0.390625,46.953125,49.84375,188.0,264.0
389,1,605,540,0.0,21.796875,37.734375,23.90625,258.5,233.0
390,0,809,517,0.0,3.75,46.875,49.921875,180.66666666666666,261.625
390,1,604,539,0.0,21.796875,37.578125,23.75,258.3,237.86666666666662
391,0,810,516,0.0,3.28125,46.875,50.07812499999999,176.0,263.42857142857144
391,1,603,536,0.0,21.71875,37.5,17.265625,258.5,231.0
392,0,809,514,0.0,3.28125,46.796875,50.07812499999999,175.0,263.42857142857144
392,1,601,535,0.0,21.71875,37.34375,17.65625,257.9,230.60000000000002
393,0,808,514,0.0,3.2031249999999996,46.796875,50.07812499999999,175.16666666666669,261.9583333333333
393,1,600,533,0.0,21.71875,37.1875,17.8125,258.4,229.60000000000002
394,0,808,514,0.0,45.390625,0.0,50.07812499999999,187.8,194.75
394,1,600,533,0.0,21.71875,37.1875,17.8125,258.4,229.60000000000002
395,0,808,515,0.0,3.4375000000000004,46.640625,50.15625,178.66666666666669,266.1666666666667
395,1,599,531,0.0,21.71875,37.03125,23.4375,258.2,233.46666666666664
396,0,808,514,0.0,2.96875,46.640625,50.15625,174.66666666666669,266.1666666666667
396,1,597,530,0.0,21.71875,36.796875,23.125,258.0,222.0
397,0,808,516,0.0,45.390625,0.0,50.234375,172.0,198.33333333333337
397,1,595,529,0.0,21.71875,36.5625,22.8125,258.0,220.5
398,0,809,516,0.0,2.8125,46.484375,50.390625,176.0,265.5
398,1,594,528,0.0,21.71875,36.484375,22.8125,258.5,219.75
399,0,809,492,0.0,0.0,46.40625,50.31250000000001,163.66666666666669,265.6666666666667
399,1,593,527,0.0,21.71875,36.328125,22.734375,247.25,230.5
400,0,809,492,0.0,0.0,46.40625,50.31250000000001,163.66666666666669,265.6666666666667
400,1,593,527,0.0,21.71875,36.328125,22.65625,247.25,230.5
401,0,809,492,0.0,0.0,46.328125,50.31250000000001,163.66666666666669,265.3333333333333
401,1,592,525,0.0,21.71875,36.171875,22.578125,247.5,229.75
402,0,643,363,0.0,32.109375,0.0,50.234375,100.5,198.0
402,1,591,523,0.0,21.640625,35.9375,22.421875,247.75,228.25
403,0,808,493,0.0,0.0,46.171875,50.234375,164.66666666666669,264.8333333333333
403,1,591,521,0.0,21.640625,35.859375,22.265625,259.2,216.05
404,0,643,363,0.0,31.796875000000004,0.0,50.234375,101.0,197.0
404,1,590,520,0.0,21.640625,35.703125,22.109375,258.7,215.05
405,0,644,363,0.0,31.796875000000004,0.0,50.31250000000001,101.0,184.28571428571433
405,1,589,518,0.0,21.640625,35.625,21.953125,258.5,222.0
406,0,644,363,0.0,31.796875000000004,0.0,50.31250000000001,101.0,184.28571428571433
406,1,589,518,0.0,21.640625,35.625,21.953125,258.5,222.0
407,0,645,363,0.0,31.874999999999996,0.0,50.390625,101.0,184.0
407,1,588,517,0.0,21.640625,35.546875,21.640625,258.1,221.39999999999998
408,0,645,362,0.0,31.874999999999996,0.0,50.390625,101.0,183.8571428571429
408,1,587,513,0.0,21.640625,35.46875,21.484375,257.7,219.8
409,0,647,363,0.0,31.796875000000004,0.0,50.546875,101.5,183.71428571428567
409,1,586,510,0.0,21.640625,35.3125,21.015625,257.4,211.60000000000002
410,0,647,362,0.0,31.874999999999996,0.0,50.546875,102.5,182.42857142857144
410,1,585,508,0.0,21.640625,35.15625,21.09375,257.2,210.3
411,0,648,362,0.0,45.859375,37.34375,29.6875,229.13333333333327,75.70000000000005
411,1,584,506,0.0,21.640625,35.078125,21.015625,256.6,209.39999999999998
412,0,648,362,0.0,45.859375,37.34375,29.6875,229.13333333333327,75.70000000000005
412,1,584,506,0.0,21.640625,35.078125,21.015625,256.4,210.10000000000002
413,0,649,362,0.0,45.703125,37.265625,29.765625,229.33333333333331,75.5
413,1,582,505,0.0,21.640625,34.84375,21.25,256.9,208.60000000000002
414,0,649,362,0.0,45.625,37.1875,29.843750000000004,229.13333333333327,75.70000000000005
414,1,581,503,0.0,21.640625,34.6875,21.328125,256.7,206.8
415,0,650,363,0.0,45.546875,50.78125,0.0,237.99999999999994,89.33333333333337
415,1,579,500,0.0,21.5625,34.453125,21.5625,256.9,204.60000000000002
416,0,651,361,0.0,45.390625,37.1875,30.078125,229.33333333333331,74.5
416,1,578,497,0.0,21.5625,34.296875,21.484375,257.0,203.0
417,0,652,360,0.0,45.390625,37.1875,30.15625,229.33333333333331,74.0
417,1,577,495,0.0,21.640625,34.140625,21.5625,257.0,201.5
418,0,652,360,0.0,45.390625,37.1875,30.15625,229.33333333333331,74.0
418,1,577,495,0.0,21.640625,34.140625,21.5625,257.0,201.5
419,0,653,359,0.0,45.234375,37.1875,30.312499999999996,229.13333333333327,73.70000000000005
419,1,576,499,0.0,21.640625,33.984375,22.03125,256.8,207.2
420,0,655,358,0.0,45.078125,37.265625,30.46875,228.79999999999995,72.70000000000005
420,1,576,651,0.0,21.640625,33.90625,31.328125,256.8,250.2
421,0,654,358,0.0,31.406250000000004,0.0,51.09375000000001,102.5,180.8571428571429
421,1,575,648,0.0,21.5625,33.75,31.640625,256.6,257.19999999999993
422,0,654,357,0.0,31.406250000000004,0.0,51.09375000000001,102.5,180.8571428571429
422,1,574,646,0.0,21.5625,33.671875,32.03125,256.4,246.60000000000002
423,0,655,357,0.0,44.84375,12.5,51.171875,198.33333333333331,70.60000000000002
423,1,574,645,0.0,44.84375,27.109375000000004,5.859375,266.4,189.7
424,0,655,357,0.0,31.406250000000004,0.0,51.171875,102.5,180.42857142857144
424,1,574,645,0.0,44.84375,27.109375000000004,5.859375,266.4,189.7
425,0,816,485,0.0,0.0,44.84375,51.24999999999999,163.33333333333331,248.66666666666669
425,1,572,644,0.0,44.6875,18.4375,32.65625,215.26666666666668,182.08333333333331
426,0,816,508,0.0,2.1875,44.765625,51.171875,175.83333333333331,247.66666666666669
426,1,571,643,0.0,44.609375,27.34375,6.406249999999999,264.40000000000003,187.89999999999998
427,0,656,357,0.0,31.328125,0.0,51.24999999999999,102.5,179.8571428571429
427,1,570,641,0.0,21.5625,33.203125,33.125,254.60000000000002,250.39999999999998
428,0,816,486,0.0,0.0,44.6875,51.24999999999999,164.66666666666669,247.61904761904765
428,1,568,639,0.0,44.375,18.4375,33.515625,213.5333333333333,177.41666666666669
429,0,657,356,0.0,44.609375,51.328125,0.0,235.16666666666669,86.16666666666663
429,1,566,635,0.0,44.21875,18.4375,33.984375,212.86666666666667,175.83333333333331
430,0,657,356,0.0,44.53125,51.328125,0.0,235.16666666666669,86.16666666666663
430,1,566,635,0.0,44.21875,18.4375,33.984375,212.86666666666667,175.83333333333331
431,0,656,355,0.0,44.53125,12.5,51.24999999999999,196.33333333333331,71.0
431,1,564,632,0.0,21.484375,32.5,33.984375,253.89999999999998,245.60000000000002
432,0,656,355,0.0,31.171875,0.0,51.24999999999999,103.0,177.8571428571429
432,1,563,628,0.0,21.5625,32.421875,34.140625,253.7,243.40000000000003
433,0,656,352,0.0,13.359375000000002,36.640625,31.328125,208.39999999999998,71.10000000000002
433,1,562,626,0.0,43.90625,26.953125,0.0,285.2142857142857,146.5
434,0,656,352,0.0,30.9375,0.0,51.24999999999999,103.0,177.28571428571433
434,1,562,625,0.0,43.90625,27.968749999999996,7.34375,256.6,178.7
435,0,656,351,0.0,31.015625000000004,0.0,51.24999999999999,103.0,176.71428571428567
435,1,562,623,0.0,21.484375,32.03125,34.453125,253.8,238.59999999999997
436,0,657,351,0.0,44.0625,12.421875,51.328125,194.66666666666669,71.0
436,1,562,623,0.0,21.484375,32.03125,34.53125,253.39999999999998,239.0
437,0,656,349,0.0,43.90625,36.5625,31.484374999999996,224.39999999999998,69.60000000000002
437,1,561,622,0.0,21.484375,31.953125,34.53125,253.60000000000002,237.19999999999993
438,0,656,350,0.0,43.828125,51.24999999999999,0.0,232.33333333333331,83.0
438,1,560,620,0.0,21.484375,31.796875000000004,34.6875,253.2,235.40000000000003
439,0,657,350,0.0,30.625000000000004,0.0,51.328125,103.5,175.42857142857144
439,1,560,616,0.0,43.671875,27.109375000000004,0.0,276.9642857142857,145.75
440,0,658,349,0.0,30.625000000000004,0.0,51.40625,103.5,175.0
440,1,561,613,0.0,21.484375,31.640625,35.078125,252.0,232.20000000000005
441,0,659,349,0.0,43.671875,35.625,40.3125,207.33333333333331,63.5
441,1,452,584,0.0,0.0,31.5625,35.3125,238.8,230.8
